序号,卡牌,技能档,技能(名称：效果),解锁,可升级,升级货币,上限,Lv1,Lv2,Lv3,Lv4,Lv5,升级消耗(2/3/4/5级),说明
1,龙焰女王,普通,毁灭者：对建筑伤害+30%,出生即带,否,—,静态,—,—,—,—,—,—,—
1,龙焰女王,普通,制空权：对地面单位闪避率+20%,出生即带,否,—,静态,—,—,—,—,—,—,—
1,龙焰女王,普通,对机械单位伤害+20%,出生即带,否,—,静态,—,—,—,—,—,—,—
1,龙焰女王,稀有,神经冲击：5%几率眩晕敌人1秒,卡牌5级解锁,是,金币,最高5级,100%,114%,130%,145%,160%,5000/15000/40000/100000,强度%乘到该技能核心数值
1,龙焰女王,史诗,战斗狂热：每次攻击增加自身攻击力1%，最多叠加10次,卡牌10级解锁,是,钻石(或每日看广告升级1次),最高5级,100%,120%,140%,160%,185%,60/120/240/480,强度%乘到该技能核心数值
1,龙焰女王,传奇,龙焰：每15秒发射火球，造成范围伤害,卡牌15级解锁,是,钻石(或看广告升级),最高5级,100%,130%,165%,204%,250%,120/240/480/960,强度%乘到该技能核心数值
2,永冬之王,普通,猎人：对空中单位伤害+30%,出生即带,否,—,静态,—,—,—,—,—,—,—
2,永冬之王,普通,恐惧之源：对人类单位伤害+20%,出生即带,否,—,静态,—,—,—,—,—,—,—
2,永冬之王,普通,对机械单位伤害+20%,出生即带,否,—,静态,—,—,—,—,—,—,—
2,永冬之王,稀有,弱点洞察：对孤立目标造成额外25%伤害,卡牌5级解锁,是,金币,最高5级,100%,114%,130%,145%,160%,5000/15000/40000/100000,强度%乘到该技能核心数值
2,永冬之王,史诗,远程输出：移动速度降低20%(换取远程定位),卡牌10级解锁,是,钻石(或每日看广告升级1次),最高5级,100%,120%,140%,160%,185%,60/120/240/480,强度%乘到该技能核心数值
2,永冬之王,传奇,地狱火：每15秒召唤持续3秒的地狱火雨造成爆炸伤害，被击败的敌人化为骷髅士兵,卡牌15级解锁,是,钻石(或看广告升级),最高5级,100%,130%,165%,204%,250%,120/240/480/960,强度%乘到该技能核心数值
3,风暴女巫,普通,猎人：对空中单位伤害+30%,出生即带,否,—,静态,—,—,—,—,—,—,—
3,风暴女巫,普通,机械克星：对机械单位伤害+20%,出生即带,否,—,静态,—,—,—,—,—,—,—
3,风暴女巫,稀有,鹰眼：射程+5%,卡牌5级解锁,是,金币,最高5级,100%,114%,130%,145%,160%,5000/15000/40000/100000,强度%乘到该技能核心数值
3,风暴女巫,史诗,远程输出：移动速度降低20%(换取远程定位),卡牌10级解锁,是,钻石(或每日看广告升级1次),最高5级,100%,120%,140%,160%,185%,60/120/240/480,强度%乘到该技能核心数值
3,风暴女巫,传奇,陨石雨：每15秒召唤陨石坠入敌方建筑，造成大量伤害,卡牌15级解锁,是,钻石(或看广告升级),最高5级,100%,130%,165%,204%,250%,120/240/480/960,强度%乘到该技能核心数值
4,荆棘女王,普通,猎人：对空中单位伤害+30%,出生即带,否,—,静态,—,—,—,—,—,—,—
4,荆棘女王,普通,机械克星：对机械单位伤害+20%,出生即带,否,—,静态,—,—,—,—,—,—,—
4,荆棘女王,稀有,弹幕精通：每5次攻击射出一支额外箭矢,卡牌5级解锁,是,金币,最高5级,100%,114%,130%,145%,160%,5000/15000/40000/100000,强度%乘到该技能核心数值
4,荆棘女王,史诗,鹰眼：射程+5%,卡牌10级解锁,是,钻石(或每日看广告升级1次),最高5级,100%,120%,140%,160%,185%,60/120/240/480,强度%乘到该技能核心数值
4,荆棘女王,传奇,裂空：每15秒向随机目标射出穿透箭，造成范围穿透伤害,卡牌15级解锁,是,钻石(或看广告升级),最高5级,100%,130%,165%,204%,250%,120/240/480/960,强度%乘到该技能核心数值
5,圣盾领主,普通,毁灭者：对建筑伤害+30%,出生即带,否,—,静态,—,—,—,—,—,—,—
5,圣盾领主,普通,机械克星：对机械单位伤害+20%,出生即带,否,—,静态,—,—,—,—,—,—,—
5,圣盾领主,稀有,神经冲击：5%几率眩晕敌人1秒,卡牌5级解锁,是,金币,最高5级,100%,114%,130%,145%,160%,5000/15000/40000/100000,强度%乘到该技能核心数值
5,圣盾领主,史诗,战斗狂热：每次攻击增加自身攻击力1%，最多叠加10次,卡牌10级解锁,是,钻石(或每日看广告升级1次),最高5级,100%,120%,140%,160%,185%,60/120/240/480,强度%乘到该技能核心数值
5,圣盾领主,传奇,超级充能：每15秒获得两倍移速并冲锋，对接触单位造成伤害，持续5秒,卡牌15级解锁,是,钻石(或看广告升级),最高5级,100%,130%,165%,204%,250%,120/240/480/960,强度%乘到该技能核心数值
6,北境守护者,普通,猎人：对空中单位伤害+30%,出生即带,否,—,静态,—,—,—,—,—,—,—
6,北境守护者,普通,亡灵猎手：对亡灵单位伤害+20%,出生即带,否,—,静态,—,—,—,—,—,—,—
6,北境守护者,稀有,鹰眼：射程+5%,卡牌5级解锁,是,金币,最高5级,100%,114%,130%,145%,160%,5000/15000/40000/100000,强度%乘到该技能核心数值
6,北境守护者,史诗,远程输出：移动速度降低20%(换取远程定位),卡牌10级解锁,是,钻石(或每日看广告升级1次),最高5级,100%,120%,140%,160%,185%,60/120/240/480,强度%乘到该技能核心数值
6,北境守护者,传奇,召唤熊：每15秒召唤一只继承部分攻防的巨熊,卡牌15级解锁,是,钻石(或看广告升级),最高5级,100%,130%,165%,204%,250%,120/240/480/960,强度%乘到该技能核心数值
7,幽灵船长,普通,猎人：对空中单位伤害+30%,出生即带,否,—,静态,—,—,—,—,—,—,—
7,幽灵船长,普通,恐惧之源：对人类单位伤害+20%,出生即带,否,—,静态,—,—,—,—,—,—,—
7,幽灵船长,稀有,霜咬：对攻击目标造成20%减速,卡牌5级解锁,是,金币,最高5级,100%,114%,130%,145%,160%,5000/15000/40000/100000,强度%乘到该技能核心数值
7,幽灵船长,史诗,远程输出：移动速度降低20%(换取远程定位),卡牌10级解锁,是,钻石(或每日看广告升级1次),最高5级,100%,120%,140%,160%,185%,60/120/240/480,强度%乘到该技能核心数值
7,幽灵船长,传奇,亡者军团：每15秒召唤一队骷髅战士或弓箭手,卡牌15级解锁,是,钻石(或看广告升级),最高5级,100%,130%,165%,204%,250%,120/240/480/960,强度%乘到该技能核心数值
8,幻影刺客,普通,毁灭者：对建筑伤害+30%,出生即带,否,—,静态,—,—,—,—,—,—,—
8,幻影刺客,普通,亡灵猎手：对亡灵单位伤害+20%,出生即带,否,—,静态,—,—,—,—,—,—,—
8,幻影刺客,稀有,震荡刃：攻击对周围敌人造成10%溅射伤害,卡牌5级解锁,是,金币,最高5级,100%,114%,130%,145%,160%,5000/15000/40000/100000,强度%乘到该技能核心数值
8,幻影刺客,史诗,猎手冲刺：击杀目标后增加100%移动速度,卡牌10级解锁,是,钻石(或每日看广告升级1次),最高5级,100%,120%,140%,160%,185%,60/120/240/480,强度%乘到该技能核心数值
8,幻影刺客,传奇,影分身：每15秒创造两个继承部分攻防的分身,卡牌15级解锁,是,钻石(或看广告升级),最高5级,100%,130%,165%,204%,250%,120/240/480/960,强度%乘到该技能核心数值
9,寒冰巨魔,普通,猎人：对空中单位伤害+30%,出生即带,否,—,静态,—,—,—,—,—,—,—
9,寒冰巨魔,普通,制空权：对地面单位闪避率+20%,出生即带,否,—,静态,—,—,—,—,—,—,—
9,寒冰巨魔,普通,恐惧之源：对人类单位伤害+20%,出生即带,否,—,静态,—,—,—,—,—,—,—
9,寒冰巨魔,稀有,荆棘反伤：10%几率反射50%伤害,卡牌5级解锁,是,金币,最高5级,100%,114%,130%,145%,160%,5000/15000/40000/100000,强度%乘到该技能核心数值
9,寒冰巨魔,史诗,神圣庇护：生命值低于50%时5%几率完全免疫伤害,卡牌10级解锁,是,钻石(或每日看广告升级1次),最高5级,100%,120%,140%,160%,185%,60/120/240/480,强度%乘到该技能核心数值
9,寒冰巨魔,传奇,极寒霜爆：每15秒喷洒冰球，冻结敌人5秒,卡牌15级解锁,是,钻石(或看广告升级),最高5级,100%,130%,165%,204%,250%,120/240/480/960,强度%乘到该技能核心数值
10,重装破城者,普通,毁灭者：对建筑伤害+30%,出生即带,否,—,静态,—,—,—,—,—,—,—
10,重装破城者,普通,野兽杀手：对兽族单位伤害+20%,出生即带,否,—,静态,—,—,—,—,—,—,—
10,重装破城者,稀有,荆棘反伤：10%几率反射50%伤害,卡牌5级解锁,是,金币,最高5级,100%,114%,130%,145%,160%,5000/15000/40000/100000,强度%乘到该技能核心数值
10,重装破城者,史诗,神圣庇护：生命值低于50%时5%几率完全免疫伤害,卡牌10级解锁,是,钻石(或每日看广告升级1次),最高5级,100%,120%,140%,160%,185%,60/120/240/480,强度%乘到该技能核心数值
10,重装破城者,传奇,过载：每15秒增加攻速与移速400%，持续5秒,卡牌15级解锁,是,钻石(或看广告升级),最高5级,100%,130%,165%,204%,250%,120/240/480/960,强度%乘到该技能核心数值
11,机械飞鹰,普通,猎人：对空中单位伤害+30%,出生即带,否,—,静态,—,—,—,—,—,—,—
11,机械飞鹰,普通,制空权：对地面单位闪避率+20%,出生即带,否,—,静态,—,—,—,—,—,—,—
11,机械飞鹰,普通,野兽杀手：对兽族单位伤害+20%,出生即带,否,—,静态,—,—,—,—,—,—,—
11,机械飞鹰,稀有,鹰眼：射程+5%,卡牌5级解锁,是,金币,最高5级,100%,114%,130%,145%,160%,5000/15000/40000/100000,强度%乘到该技能核心数值
11,机械飞鹰,史诗,生命粉碎：5%几率对目标当前生命值造成50%伤害,卡牌10级解锁,是,钻石(或每日看广告升级1次),最高5级,100%,120%,140%,160%,185%,60/120/240/480,强度%乘到该技能核心数值
11,机械飞鹰,传奇,齐射：每15秒同时攻击范围内所有敌人，持续5秒,卡牌15级解锁,是,钻石(或看广告升级),最高5级,100%,130%,165%,204%,250%,120/240/480/960,强度%乘到该技能核心数值
12,巨斧酋长,普通,毁灭者：对建筑伤害+30%,出生即带,否,—,静态,—,—,—,—,—,—,—
12,巨斧酋长,普通,恐惧之源：对人类单位伤害+20%,出生即带,否,—,静态,—,—,—,—,—,—,—
12,巨斧酋长,稀有,神经冲击：5%几率眩晕敌人1秒,卡牌5级解锁,是,金币,最高5级,100%,114%,130%,145%,160%,5000/15000/40000/100000,强度%乘到该技能核心数值
12,巨斧酋长,史诗,战斗狂热：每次攻击增加自身攻击力1%，最多叠加10次,卡牌10级解锁,是,钻石(或每日看广告升级1次),最高5级,100%,120%,140%,160%,185%,60/120/240/480,强度%乘到该技能核心数值
12,巨斧酋长,传奇,死亡光环：附近敌人每秒受伤，友军亡灵每2秒回复10%生命,卡牌15级解锁,是,钻石(或看广告升级),最高5级,100%,130%,165%,204%,250%,120/240/480/960,强度%乘到该技能核心数值
13,双头奇美拉,普通,毁灭者：对建筑伤害+30%,出生即带,否,—,静态,—,—,—,—,—,—,—
13,双头奇美拉,普通,亡灵猎手：对亡灵单位伤害+20%,出生即带,否,—,静态,—,—,—,—,—,—,—
13,双头奇美拉,稀有,战斗狂热：每次攻击增加自身攻击力1%，最多叠加10次,卡牌5级解锁,是,金币,最高5级,100%,114%,130%,145%,160%,5000/15000/40000/100000,强度%乘到该技能核心数值
13,双头奇美拉,史诗,神圣庇护：生命值低于50%时5%几率完全免疫伤害,卡牌10级解锁,是,钻石(或每日看广告升级1次),最高5级,100%,120%,140%,160%,185%,60/120/240/480,强度%乘到该技能核心数值
13,双头奇美拉,传奇,撕裂大地：每15秒造成大范围地震，对周围敌人造成伤害并昏迷3秒,卡牌15级解锁,是,钻石(或看广告升级),最高5级,100%,130%,165%,204%,250%,120/240/480/960,强度%乘到该技能核心数值
14,爆破鬼才,普通,毁灭者：对建筑伤害+30%,出生即带,否,—,静态,—,—,—,—,—,—,—
14,爆破鬼才,普通,亡灵猎手：对亡灵单位伤害+20%,出生即带,否,—,静态,—,—,—,—,—,—,—
14,爆破鬼才,稀有,神经冲击：5%几率眩晕敌人1秒,卡牌5级解锁,是,金币,最高5级,100%,114%,130%,145%,160%,5000/15000/40000/100000,强度%乘到该技能核心数值
14,爆破鬼才,史诗,战斗狂热：每次攻击增加自身攻击力1%，最多叠加10次,卡牌10级解锁,是,钻石(或每日看广告升级1次),最高5级,100%,120%,140%,160%,185%,60/120/240/480,强度%乘到该技能核心数值
14,爆破鬼才,传奇,烈焰拳：每15秒传送到敌人面前打出火焰拳，对范围敌人造成伤害,卡牌15级解锁,是,钻石(或看广告升级),最高5级,100%,130%,165%,204%,250%,120/240/480/960,强度%乘到该技能核心数值
15,藤蔓萨满,普通,猎人：对空中单位伤害+30%,出生即带,否,—,静态,—,—,—,—,—,—,—
15,藤蔓萨满,普通,亡灵猎手：对亡灵单位伤害+20%,出生即带,否,—,静态,—,—,—,—,—,—,—
15,藤蔓萨满,稀有,霜咬：对攻击目标造成20%减速,卡牌5级解锁,是,金币,最高5级,100%,114%,130%,145%,160%,5000/15000/40000/100000,强度%乘到该技能核心数值
15,藤蔓萨满,史诗,复苏领域：每5秒恢复1米内盟友5%生命值,卡牌10级解锁,是,钻石(或每日看广告升级1次),最高5级,100%,120%,140%,160%,185%,60/120/240/480,强度%乘到该技能核心数值
15,藤蔓萨满,传奇,生命之泉：每15秒为生命最低友军恢复自身25%生命并提升其移速10%,卡牌15级解锁,是,钻石(或看广告升级),最高5级,100%,130%,165%,204%,250%,120/240/480/960,强度%乘到该技能核心数值
16,鹰女,普通,毁灭者：对建筑伤害+30%,出生即带,否,—,静态,—,—,—,—,—,—,—
16,鹰女,普通,制空权：对地面单位闪避率+20%,出生即带,否,—,静态,—,—,—,—,—,—,—
16,鹰女,普通,恐惧之源：对人类单位伤害+20%,出生即带,否,—,静态,—,—,—,—,—,—,—
16,鹰女,稀有,神经冲击：5%几率眩晕敌人1秒,卡牌5级解锁,是,金币,最高5级,100%,114%,130%,145%,160%,5000/15000/40000/100000,强度%乘到该技能核心数值
16,鹰女,史诗,战斗狂热：每次攻击增加自身攻击力1%，最多叠加10次,卡牌10级解锁,是,钻石(或每日看广告升级1次),最高5级,100%,120%,140%,160%,185%,60/120/240/480,强度%乘到该技能核心数值
16,鹰女,传奇,石化形态：增加伤害减免率10%,卡牌15级解锁,是,钻石(或看广告升级),最高5级,100%,130%,165%,204%,250%,120/240/480/960,强度%乘到该技能核心数值
17,巨石魔像,普通,毁灭者：对建筑伤害+30%,出生即带,否,—,静态,—,—,—,—,—,—,—
17,巨石魔像,普通,恐惧之源：对人类单位伤害+20%,出生即带,否,—,静态,—,—,—,—,—,—,—
17,巨石魔像,稀有,荆棘反伤：10%几率反射50%伤害,卡牌5级解锁,是,金币,最高5级,100%,114%,130%,145%,160%,5000/15000/40000/100000,强度%乘到该技能核心数值
17,巨石魔像,史诗,神圣庇护：生命值低于50%时5%几率完全免疫伤害,卡牌10级解锁,是,钻石(或每日看广告升级1次),最高5级,100%,120%,140%,160%,185%,60/120/240/480,强度%乘到该技能核心数值
17,巨石魔像,传奇,巨石投掷：每20秒向敌人投掷巨石，造成范围伤害,卡牌15级解锁,是,钻石(或看广告升级),最高5级,100%,130%,165%,204%,250%,120/240/480/960,强度%乘到该技能核心数值
18,雇佣兵,普通,猎人：对空中单位伤害+30%,出生即带,否,—,静态,—,—,—,—,—,—,—
18,雇佣兵,普通,机械克星：对机械单位伤害+20%,出生即带,否,—,静态,—,—,—,—,—,—,—
18,雇佣兵,稀有,弹幕精通：每5次攻击射出一支额外箭矢,卡牌5级解锁,是,金币,最高5级,100%,114%,130%,145%,160%,5000/15000/40000/100000,强度%乘到该技能核心数值
18,雇佣兵,史诗,远程射击：根据距离对敌人造成额外伤害，最高+50%,卡牌10级解锁,是,钻石(或每日看广告升级1次),最高5级,100%,120%,140%,160%,185%,60/120/240/480,强度%乘到该技能核心数值
18,雇佣兵,传奇,致命射击：每20秒狙击2倍射程外的敌人，造成高额点伤,卡牌15级解锁,是,钻石(或看广告升级),最高5级,100%,130%,165%,204%,250%,120/240/480/960,强度%乘到该技能核心数值
19,炮楼,普通,猎人：对空中单位伤害+30%,出生即带,否,—,静态,—,—,—,—,—,—,—
19,炮楼,普通,坚韧：远程伤害抗性+20%,出生即带,否,—,静态,—,—,—,—,—,—,—
19,炮楼,普通,野兽杀手：对兽族单位伤害+20%,出生即带,否,—,静态,—,—,—,—,—,—,—
19,炮楼,稀有,荆棘反伤：10%几率反射50%伤害,卡牌5级解锁,是,金币,最高5级,100%,114%,130%,145%,160%,5000/15000/40000/100000,强度%乘到该技能核心数值
19,炮楼,史诗,后勤支援：对周围单位提供5%伤害减免,卡牌10级解锁,是,钻石(或每日看广告升级1次),最高5级,100%,120%,140%,160%,185%,60/120/240/480,强度%乘到该技能核心数值
19,炮楼,传奇,火力：爆炸半径+50%,卡牌15级解锁,是,钻石(或看广告升级),最高5级,100%,130%,165%,204%,250%,120/240/480/960,强度%乘到该技能核心数值
20,巨石车,普通,猎人：对空中单位伤害+30%,出生即带,否,—,静态,—,—,—,—,—,—,—
20,巨石车,普通,野兽杀手：对兽族单位伤害+20%,出生即带,否,—,静态,—,—,—,—,—,—,—
20,巨石车,稀有,鹰眼：射程+5%,卡牌5级解锁,是,金币,最高5级,100%,114%,130%,145%,160%,5000/15000/40000/100000,强度%乘到该技能核心数值
20,巨石车,史诗,不屈堡垒：生命值低于30%时增加攻击力20%,卡牌10级解锁,是,钻石(或每日看广告升级1次),最高5级,100%,120%,140%,160%,185%,60/120/240/480,强度%乘到该技能核心数值
20,巨石车,传奇,蒸汽加速：移动速度+100%,卡牌15级解锁,是,钻石(或看广告升级),最高5级,100%,130%,165%,204%,250%,120/240/480/960,强度%乘到该技能核心数值
21,骑士,普通,毁灭者：对建筑伤害+30%,出生即带,否,—,静态,—,—,—,—,—,—,—
21,骑士,普通,机械克星：对机械单位伤害+20%,出生即带,否,—,静态,—,—,—,—,—,—,—
21,骑士,稀有,猎手冲刺：击杀目标后增加100%移动速度,卡牌5级解锁,是,金币,最高5级,100%,114%,130%,145%,160%,5000/15000/40000/100000,强度%乘到该技能核心数值
21,骑士,史诗,弱点洞察：对孤立目标造成额外25%伤害,卡牌10级解锁,是,钻石(或每日看广告升级1次),最高5级,100%,120%,140%,160%,185%,60/120/240/480,强度%乘到该技能核心数值
21,骑士,传奇,冲锋：每20秒向前冲10米，对路径上的敌人造成伤害,卡牌15级解锁,是,钻石(或看广告升级),最高5级,100%,130%,165%,204%,250%,120/240/480/960,强度%乘到该技能核心数值
22,火龙,普通,猎人：对空中单位伤害+30%,出生即带,否,—,静态,—,—,—,—,—,—,—
22,火龙,普通,制空权：对地面单位闪避率+20%,出生即带,否,—,静态,—,—,—,—,—,—,—
22,火龙,普通,亡灵猎手：对亡灵单位伤害+20%,出生即带,否,—,静态,—,—,—,—,—,—,—
22,火龙,稀有,鹰眼：射程+5%,卡牌5级解锁,是,金币,最高5级,100%,114%,130%,145%,160%,5000/15000/40000/100000,强度%乘到该技能核心数值
22,火龙,史诗,死亡专注：连续攻击同一目标时每次命中+5%伤害,卡牌10级解锁,是,钻石(或每日看广告升级1次),最高5级,100%,120%,140%,160%,185%,60/120/240/480,强度%乘到该技能核心数值
22,火龙,传奇,爆裂吐息：攻击对周围敌人造成25%爆炸伤害,卡牌15级解锁,是,钻石(或看广告升级),最高5级,100%,130%,165%,204%,250%,120/240/480/960,强度%乘到该技能核心数值
23,弩车,普通,猎人：对空中单位伤害+30%,出生即带,否,—,静态,—,—,—,—,—,—,—
23,弩车,普通,野兽杀手：对兽族单位伤害+20%,出生即带,否,—,静态,—,—,—,—,—,—,—
23,弩车,稀有,鹰眼：射程+5%,卡牌5级解锁,是,金币,最高5级,100%,114%,130%,145%,160%,5000/15000/40000/100000,强度%乘到该技能核心数值
23,弩车,史诗,远程射击：根据距离对敌人造成额外伤害，最高+50%,卡牌10级解锁,是,钻石(或每日看广告升级1次),最高5级,100%,120%,140%,160%,185%,60/120/240/480,强度%乘到该技能核心数值
23,弩车,传奇,蒸汽加速：移动速度+100%,卡牌15级解锁,是,钻石(或看广告升级),最高5级,100%,130%,165%,204%,250%,120/240/480/960,强度%乘到该技能核心数值
24,骷髅魔导师,普通,猎人：对空中单位伤害+30%,出生即带,否,—,静态,—,—,—,—,—,—,—
24,骷髅魔导师,普通,恐惧之源：对人类单位伤害+20%,出生即带,否,—,静态,—,—,—,—,—,—,—
24,骷髅魔导师,稀有,霜咬：对攻击目标造成20%减速,卡牌5级解锁,是,金币,最高5级,100%,114%,130%,145%,160%,5000/15000/40000/100000,强度%乘到该技能核心数值
24,骷髅魔导师,史诗,复苏领域：每5秒恢复1米内盟友5%生命值,卡牌10级解锁,是,钻石(或每日看广告升级1次),最高5级,100%,120%,140%,160%,185%,60/120/240/480,强度%乘到该技能核心数值
24,骷髅魔导师,传奇,亡灵复活：每20秒复活1名阵亡的友方单位,卡牌15级解锁,是,钻石(或看广告升级),最高5级,100%,130%,165%,204%,250%,120/240/480/960,强度%乘到该技能核心数值
25,鱼叉捕猎者,普通,猎人：对空中单位伤害+30%,出生即带,否,—,静态,—,—,—,—,—,—,—
25,鱼叉捕猎者,普通,亡灵猎手：对亡灵单位伤害+20%,出生即带,否,—,静态,—,—,—,—,—,—,—
25,鱼叉捕猎者,稀有,鹰眼：射程+5%,卡牌5级解锁,是,金币,最高5级,100%,114%,130%,145%,160%,5000/15000/40000/100000,强度%乘到该技能核心数值
25,鱼叉捕猎者,史诗,远程射击：根据距离对敌人造成额外伤害，最高+50%,卡牌10级解锁,是,钻石(或每日看广告升级1次),最高5级,100%,120%,140%,160%,185%,60/120/240/480,强度%乘到该技能核心数值
25,鱼叉捕猎者,传奇,击退：每次攻击25%几率将目标击退1米,卡牌15级解锁,是,钻石(或看广告升级),最高5级,100%,130%,165%,204%,250%,120/240/480/960,强度%乘到该技能核心数值
26,利爪猎犬,普通,毁灭者：对建筑伤害+30%,出生即带,否,—,静态,—,—,—,—,—,—,—
26,利爪猎犬,普通,亡灵猎手：对亡灵单位伤害+20%,出生即带,否,—,静态,—,—,—,—,—,—,—
26,利爪猎犬,稀有,震荡刃：攻击对周围敌人造成10%溅射伤害,卡牌5级解锁,是,金币,最高5级,100%,114%,130%,145%,160%,5000/15000/40000/100000,强度%乘到该技能核心数值
26,利爪猎犬,史诗,猎手冲刺：击杀目标后增加100%移动速度,卡牌10级解锁,是,钻石(或每日看广告升级1次),最高5级,100%,120%,140%,160%,185%,60/120/240/480,强度%乘到该技能核心数值
26,利爪猎犬,传奇,黄金收获：每次攻击掠夺目标2金币,卡牌15级解锁,是,钻石(或看广告升级),最高5级,100%,130%,165%,204%,250%,120/240/480/960,强度%乘到该技能核心数值
27,蝙蝠突袭者,普通,毁灭者：对建筑伤害+30%,出生即带,否,—,静态,—,—,—,—,—,—,—
27,蝙蝠突袭者,普通,恐惧之源：对人类单位伤害+20%,出生即带,否,—,静态,—,—,—,—,—,—,—
27,蝙蝠突袭者,稀有,猎手冲刺：击杀目标后增加100%移动速度,卡牌5级解锁,是,金币,最高5级,100%,114%,130%,145%,160%,5000/15000/40000/100000,强度%乘到该技能核心数值
27,蝙蝠突袭者,史诗,暗影伏击：布置后立刻隐身，解除后的首次攻击造成150%伤害,卡牌10级解锁,是,钻石(或每日看广告升级1次),最高5级,100%,120%,140%,160%,185%,60/120/240/480,强度%乘到该技能核心数值
27,蝙蝠突袭者,传奇,暗影打击：每20秒影袭，对2个连续单位造成背刺伤害,卡牌15级解锁,是,钻石(或看广告升级),最高5级,100%,130%,165%,204%,250%,120/240/480/960,强度%乘到该技能核心数值
28,见习女巫,普通,猎人：对空中单位伤害+30%,出生即带,否,—,静态,—,—,—,—,—,—,—
28,见习女巫,普通,机械克星：对机械单位伤害+20%,出生即带,否,—,静态,—,—,—,—,—,—,—
28,见习女巫,稀有,鹰眼：射程+5%,卡牌5级解锁,是,金币,最高5级,100%,114%,130%,145%,160%,5000/15000/40000/100000,强度%乘到该技能核心数值
28,见习女巫,史诗,远程射击：根据距离对敌人造成额外伤害，最高+50%,卡牌10级解锁,是,钻石(或每日看广告升级1次),最高5级,100%,120%,140%,160%,185%,60/120/240/480,强度%乘到该技能核心数值
28,见习女巫,传奇,分裂箭：攻击发射2支分裂箭,卡牌15级解锁,是,钻石(或看广告升级),最高5级,100%,130%,165%,204%,250%,120/240/480/960,强度%乘到该技能核心数值
29,重步兵,普通,毁灭者：对建筑伤害+30%,出生即带,否,—,静态,—,—,—,—,—,—,—
29,重步兵,普通,机械克星：对机械单位伤害+20%,出生即带,否,—,静态,—,—,—,—,—,—,—
29,重步兵,稀有,荆棘反伤：10%几率反射50%伤害,卡牌5级解锁,是,金币,最高5级,100%,114%,130%,145%,160%,5000/15000/40000/100000,强度%乘到该技能核心数值
29,重步兵,史诗,神圣庇护：生命值低于50%时5%几率完全免疫伤害,卡牌10级解锁,是,钻石(或每日看广告升级1次),最高5级,100%,120%,140%,160%,185%,60/120/240/480,强度%乘到该技能核心数值
29,重步兵,传奇,盾反射：15%几率用盾反射远程攻击,卡牌15级解锁,是,钻石(或看广告升级),最高5级,100%,130%,165%,204%,250%,120/240/480/960,强度%乘到该技能核心数值
30,高射塔,普通,猎人：对空中单位伤害+30%,出生即带,否,—,静态,—,—,—,—,—,—,—
30,高射塔,普通,坚韧：远程伤害抗性+20%,出生即带,否,—,静态,—,—,—,—,—,—,—
30,高射塔,普通,野兽杀手：对兽族单位伤害+20%,出生即带,否,—,静态,—,—,—,—,—,—,—
30,高射塔,稀有,荆棘反伤：10%几率反射50%伤害,卡牌5级解锁,是,金币,最高5级,100%,114%,130%,145%,160%,5000/15000/40000/100000,强度%乘到该技能核心数值
30,高射塔,史诗,后勤支援：对周围单位提供5%伤害减免,卡牌10级解锁,是,钻石(或每日看广告升级1次),最高5级,100%,120%,140%,160%,185%,60/120/240/480,强度%乘到该技能核心数值
30,高射塔,传奇,速射：攻击速度+50%,卡牌15级解锁,是,钻石(或看广告升级),最高5级,100%,130%,165%,204%,250%,120/240/480/960,强度%乘到该技能核心数值
31,采矿机,普通,采矿：持续产出金币(产量随卡牌等级提升),出生即带,否,—,静态,—,—,—,—,—,—,—
32,重锤卫士,普通,毁灭者：对建筑伤害+30%,出生即带,否,—,静态,—,—,—,—,—,—,—
32,重锤卫士,普通,亡灵猎手：对亡灵单位伤害+20%,出生即带,否,—,静态,—,—,—,—,—,—,—
32,重锤卫士,稀有,荆棘反伤：10%几率反射50%伤害,卡牌5级解锁,是,金币,最高5级,100%,114%,130%,145%,160%,5000/15000/40000/100000,强度%乘到该技能核心数值
32,重锤卫士,史诗,不屈堡垒：生命值低于30%时增加攻击力20%,卡牌10级解锁,是,钻石(或每日看广告升级1次),最高5级,100%,120%,140%,160%,185%,60/120/240/480,强度%乘到该技能核心数值
32,重锤卫士,传奇,旋风：每20秒旋转攻击周围敌人，造成范围伤害,卡牌15级解锁,是,钻石(或看广告升级),最高5级,100%,130%,165%,204%,250%,120/240/480/960,强度%乘到该技能核心数值
33,骷髅刀盾兵,普通,毁灭者：对建筑伤害+30%,出生即带,否,—,静态,—,—,—,—,—,—,—
33,骷髅刀盾兵,普通,恐惧之源：对人类单位伤害+20%,出生即带,否,—,静态,—,—,—,—,—,—,—
33,骷髅刀盾兵,稀有,猎手冲刺：击杀目标后增加100%移动速度,卡牌5级解锁,是,金币,最高5级,100%,114%,130%,145%,160%,5000/15000/40000/100000,强度%乘到该技能核心数值
33,骷髅刀盾兵,史诗,神经冲击：5%几率眩晕敌人1秒,卡牌10级解锁,是,钻石(或每日看广告升级1次),最高5级,100%,120%,140%,160%,185%,60/120/240/480,强度%乘到该技能核心数值
33,骷髅刀盾兵,传奇,尸爆：死亡时触发爆炸，造成范围伤害,卡牌15级解锁,是,钻石(或看广告升级),最高5级,100%,130%,165%,204%,250%,120/240/480/960,强度%乘到该技能核心数值
34,小野猪人,普通,毁灭者：对建筑伤害+30%,出生即带,否,—,静态,—,—,—,—,—,—,—
34,小野猪人,普通,亡灵猎手：对亡灵单位伤害+20%,出生即带,否,—,静态,—,—,—,—,—,—,—
34,小野猪人,稀有,猎手冲刺：击杀目标后增加100%移动速度,卡牌5级解锁,是,金币,最高5级,100%,114%,130%,145%,160%,5000/15000/40000/100000,强度%乘到该技能核心数值
34,小野猪人,史诗,暗影伏击：布置后立刻隐身，解除后的首次攻击造成150%伤害,卡牌10级解锁,是,钻石(或每日看广告升级1次),最高5级,100%,120%,140%,160%,185%,60/120/240/480,强度%乘到该技能核心数值
34,小野猪人,传奇,远程炸弹：死亡后留下炸弹，2秒后爆炸造成范围伤害,卡牌15级解锁,是,钻石(或看广告升级),最高5级,100%,130%,165%,204%,250%,120/240/480/960,强度%乘到该技能核心数值
35,长枪教头,普通,毁灭者：对建筑伤害+30%,出生即带,否,—,静态,—,—,—,—,—,—,—
35,长枪教头,普通,机械克星：对机械单位伤害+20%,出生即带,否,—,静态,—,—,—,—,—,—,—
35,长枪教头,稀有,生命粉碎：5%几率对目标当前生命值造成50%伤害,卡牌5级解锁,是,金币,最高5级,100%,114%,130%,145%,160%,5000/15000/40000/100000,强度%乘到该技能核心数值
35,长枪教头,史诗,弱点洞察：对孤立目标造成额外25%伤害,卡牌10级解锁,是,钻石(或每日看广告升级1次),最高5级,100%,120%,140%,160%,185%,60/120/240/480,强度%乘到该技能核心数值
35,长枪教头,传奇,臂力过人：第4次攻击转为范围攻击,卡牌15级解锁,是,钻石(或看广告升级),最高5级,100%,130%,165%,204%,250%,120/240/480/960,强度%乘到该技能核心数值
36,短剑士,普通,毁灭者：对建筑伤害+30%,出生即带,否,—,静态,—,—,—,—,—,—,—
36,短剑士,普通,机械克星：对机械单位伤害+20%,出生即带,否,—,静态,—,—,—,—,—,—,—
36,短剑士,稀有,猎手冲刺：击杀目标后增加100%移动速度,卡牌5级解锁,是,金币,最高5级,100%,114%,130%,145%,160%,5000/15000/40000/100000,强度%乘到该技能核心数值
36,短剑士,史诗,震荡刃：攻击对周围敌人造成10%溅射伤害,卡牌10级解锁,是,钻石(或每日看广告升级1次),最高5级,100%,120%,140%,160%,185%,60/120/240/480,强度%乘到该技能核心数值
36,短剑士,传奇,丰饶：生命首次跌至50%以下时立刻恢复25%生命值,卡牌15级解锁,是,钻石(或看广告升级),最高5级,100%,130%,165%,204%,250%,120/240/480/960,强度%乘到该技能核心数值
37,火枪手,普通,猎人：对空中单位伤害+30%,出生即带,否,—,静态,—,—,—,—,—,—,—
37,火枪手,普通,恐惧之源：对人类单位伤害+20%,出生即带,否,—,静态,—,—,—,—,—,—,—
37,火枪手,稀有,死亡专注：连续攻击同一目标时每次命中+5%伤害,卡牌5级解锁,是,金币,最高5级,100%,114%,130%,145%,160%,5000/15000/40000/100000,强度%乘到该技能核心数值
37,火枪手,史诗,生命粉碎：5%几率对目标当前生命值造成50%伤害,卡牌10级解锁,是,钻石(或每日看广告升级1次),最高5级,100%,120%,140%,160%,185%,60/120/240/480,强度%乘到该技能核心数值
37,火枪手,传奇,箭雨：每20秒向目标发射数支箭,卡牌15级解锁,是,钻石(或看广告升级),最高5级,100%,130%,165%,204%,250%,120/240/480/960,强度%乘到该技能核心数值
